Child,Parent,Parent_Qa,ChildQ
4709485,2032465,1424.8,400
5078431,2032465,1424.8,0
5644013,2032465,1424.8,0
6167567,2032465,1424.8,0
6799505,2032465,1424.8,0
4709470,2032564,117.78,33.1
5078419,2032564,117.78,0
5643975,2032564,117.78,0
6167558,2032564,117.78,0
6799504,2032564,117.78,0
4709293,2283427,3487.45,980
5043714,2283427,3487.45,0
5643962,2283427,3487.45,0
6167548,2283427,3487.45,0
6799503,2283427,3487.45,0
4709986,4654206,5779.12,1624.4
5078444,4654206,5779.12,0
5644030,4654206,5779.12,0
6167581,4654206,5779.12,0
6799506,4654206,5779.12,0
5078456,4656141,4004.52,1125.6
5644066,4656141,4004.52,0
6167591,4656141,4004.52,0
6799507,4656141,4004.52,0
4709186,4233037,11006,3093.6
5043664,4233037,11006,0
5643945,4233037,11006,0
6167490,4233037,11006,0
6799502,4233037,11006,0
4710018,2075519,685.35,192.6
5078469,2075519,685.35,0
5644095,2075519,685.35,0
6167602,2075519,685.35,0
6799508,2075519,685.35,0
6465635,2042332,102,0
5278727,2063291,56,10.43
4676282,2076296,15.9,0
4726605,2076296,15.9,0
5604547,2076296,15.9,0
4676247,2076943,38,0
4726594,2076943,38,0
6166148,2077017,1229,174.5
4494027,2077430,641,97.6
4615252,2077430,641,0
6506289,2077430,641,0
6799140,2077430,641,0
6799866,2077430,641,0
6800946,2077430,641,0
6801801,2077430,641,0
4164356,2078050,11,0
6166129,2078990,2696,0
4732840,2078997,42.85,0
5202650,2078997,42.85,0
5647436,2078997,42.85,0
5278607,2079263,52.08,6.51
4713013,2084691,3982,0
6203760,2130415,280,0
6203777,2130586,620,0
6203738,2130715,1948,0
6203723,2132083,7628,0
4676159,2132955,153.5,0
4726571,2132955,153.5,0
5604425,2132955,153.5,0
6800419,2132955,153.5,0
4594824,2140136,646,0
5441065,2169457,32,0
6802992,2209776,12,4.07
2147305,2211634,100,0
2223071,2212587,240,0
2223089,2212777,30,0
4200374,2213337,80,0
4210929,2219776,90,70
6263665,2221371,140,0
6801012,2234055,120,0
6801998,2234055,120,0
6799154,6799154,320,0
6801016,6799154,320,0
6801017,6799154,320,0
6801018,6799154,320,0
6801023,6799154,320,0
6801020,2240410,40,0
6801021,2240410,40,0
6554196,2247628,60,0
6802300,2272136,750,0
6802318,2272136,750,0
6802962,2272136,750,0
6802990,2272136,750,0
6803069,2272136,750,0
6802939,2273741,1200,0
6801566,2274201,64,0
6802244,2274201,64,0
6799319,2274534,120,0
6801213,2274534,120,0
6802000,2274534,120,0
6802975,2274534,120,0
6800262,2274612,3.8,0.8
6801138,2274612,3.8,0
6801860,2274612,3.8,0
6552395,2274723,90,45.5
6802206,2274887,216,0
6801565,2274906,120,0
6802245,2274906,120,0
6802720,2274906,120,0
6802177,2275304,80,0
6800554,2275568,40,0
6801567,2275568,40,0
6802242,2275568,40,0
6799318,2275597,80,0
6801212,2275597,80,0
6802089,2275597,80,0
6800471,2275655,220,0
6801462,2275655,220,0
6504393,2275987,48,0
6800307,2275987,48,0
6801375,2275987,48,0
6801999,2275987,48,0
6800142,2276150,38,0
6801136,2276150,38,0
6802067,2276150,38,0
6801390,2276271,70.1,0
6802178,2276394,40,0
6799150,2276482,74,0
6799151,2276482,74,0
6799152,2276482,74,0
6800037,2276482,74,0
6800038,2276482,74,0
6800039,2276482,74,0
6801959,2276482,74,0
5646246,2276525,56,0
6800143,2276996,68,0
6801133,2276996,68,0
6802068,2276996,68,0
6800141,2277335,68,0
6801135,2277335,68,0
6802066,2277335,68,0
6800144,2277356,73.15,0
6801134,2277356,73.15,0
6802069,2277356,73.15,0
6799114,2277406,86.3,0
6800552,2277472,132,0
6801564,2277472,132,0
6802246,2277472,132,0
6802786,2277472,132,0
6801141,2279787,66.4,0
6801142,2279963,58.1,0
6801139,2280131,101,0
6800443,2280595,936,0
6802871,2280842,90,12.3
6506587,2281134,90,0
6799067,2281134,90,0
6800036,2281134,90,0
6800980,2281134,90,0
6801886,2281134,90,0
6802941,2281134,90,0
6801217,2281254,58,22.1
4674194,2281502,70,42.9
6798866,2281502,70,0
6799901,2281502,70,0
6800982,2281502,70,0
6801836,2281502,70,0
6802770,2281502,70,0
6801071,2281530,126,0
6801143,2281692,60,0
6801070,6801070,126,0
6552371,2281731,220,0
6552429,2281972,100,0
6802671,2282427,46,0
6504671,2282591,90,0
6799905,2282591,90,0
6800984,2282591,90,0
6801834,2282591,90,0
6802672,2282591,90,0
6800442,2285471,1738,0
4517099,4167639,200,0
4593897,4189540,27842,0
4593926,4189540,27842,0
4660028,4189540,27842,0
4643917,4236839,12.07,0
6047599,4236839,12.07,0
4675765,4408164,114,0
4712776,4408164,114,0
5525720,4408164,114,0
6802742,4408385,79,0
4675690,4408438,60,0
4712793,4408438,60,0
5525666,4408438,60,0
6560989,4408438,60,0
6799844,4408438,60,0
4593595,4445510,2800,0
4659985,4445510,2800,0
5117201,4635564,4336,190.4
5565471,4635564,4336,0
6046216,4659408,417,0
6047450,4666062,108.9,0
2032435,2032435,72,0
6802324,6802324,4500,0
6802323,6802323,290.92,0
6803004,6802323,290.92,0
6802350,6802350,10.36,0
6802351,6802351,10.15,0
6802343,6802343,128,0
6802937,6802343,128,0
6802983,6802983,755.3,0
5525694,5355616,3685,0
6570099,5355616,3685,0
6800027,5355616,3685,0
6800960,6800707,95,0
6802052,6800707,95,0
6802151,6802983,755.3,0
6802160,6802160,13781,0
6803039,6803038,18.5,0
5525750,2043276,100,0
5803098,2045144,120,0
4511709,2075935,85.5,0
4632853,2075935,85.5,0
6626130,2075935,85.5,0
4646871,2081517,4116,0
5645789,2033176,1495.37,242.08
6009544,2033176,1495.37,0
5604602,2076943,38,0
5605168,2087733,147.56,0
6800252,4670050,8703.75,0
6799603,2088999,30,0
6799602,2089000,157,0
6799600,2089001,66,24
6798995,2089020,2798.7,0
6800075,2089020,2798.7,0
6800972,2089020,2798.7,0
6802011,2089020,2798.7,0
6802711,2089020,2798.7,0
6799054,2089240,3200,0
6800072,2089240,3200,0
6801072,2089240,3200,0
6802036,2089240,3200,0
6802889,2089240,3200,0
6801260,2090001,157,0
6799052,2095324,800,0
6800074,2095324,800,0
6801069,2095324,800,0
6802025,2095324,800,0
6802878,2095324,800,0
6799975,2129889,443,0
6799072,2131222,3515,0
6800234,2131222,3515,0
6801080,2131222,3515,0
6802063,2131222,3515,0
6799071,2132260,15673,0
6800236,2132260,15673,0
6801081,2132260,15673,0
6802064,2132260,15673,0
6799073,2132524,1185,0
6800237,2132524,1185,0
6801073,2132524,1185,0
6799074,2132606,21000,0
6800235,2132606,21000,0
6801082,2132606,21000,0
6802065,2132606,21000,0
6799340,2134208,1730,0
6801149,2134208,1730,0
6800092,2134538,950,0
6801263,2135300,256,0
6799144,2135361,300,0
6800285,2135361,300,0
6801246,2135416,480,0
6802027,2135416,480,0
6800125,2135547,1104,0
6801248,2135547,1104,0
6802028,2135547,1104,0
6802277,2135915,76,0
6799011,2137597,2240,0
6800012,2137597,2240,0
6802043,2137597,2240,0
6802704,2137597,2240,0
6799057,2137828,1120,0
6800088,2137828,1120,0
6800968,2137828,1120,0
6802271,2137828,1120,0
6802890,2137828,1120,0
6798983,2137930,535.5,0
6800084,2137930,535.5,0
6801122,2137930,535.5,0
6802032,2137930,535.5,0
6802826,2137930,535.5,0
6799003,2137984,625,0
6800021,2137984,625,0
6798945,2138024,2160,0
6800104,2138024,2160,0
6801240,2138024,2160,0
6801940,2138024,2160,0
6802807,2138024,2160,0
6802195,2138042,600,0
6798992,2138073,465,0
6800055,2138073,465,0
6800953,2138073,465,0
6801933,2138073,465,0
6802699,2138073,465,0
6800085,2138118,650,0
6801124,2138118,650,0
6802061,2138118,650,0
6802821,2138118,650,0
6799010,2138253,800,0
6800002,2138253,800,0
6800970,2138253,800,0
6802050,2138253,800,0
6802703,2138253,800,0
6798993,2138270,1083.3,0
6800050,2138270,1083.3,0
6800954,2138270,1083.3,0
6801934,2138270,1083.3,0
6802695,2138270,1083.3,0
6799059,2138303,2514.5,0
6800065,2138303,2514.5,0
6801101,2138303,2514.5,0
6802013,2138303,2514.5,0
6802881,2138303,2514.5,0
6800232,2138306,627.75,0
6798994,2138335,1083.3,0
6800049,2138335,1083.3,0
6800957,2138335,1083.3,0
6801935,2138335,1083.3,0
6802696,2138335,1083.3,0
6800053,2138337,1083.3,0
6801925,2138337,1083.3,0
6802697,2138337,1083.3,0
6800015,2138404,700,0
6802189,2138404,700,0
6798951,2138458,1600,0
6800066,2138458,1600,0
6802059,2138458,1600,0
6802804,2138458,1600,0
6802882,2138469,2152,0
6801261,2138508,70,0
6798953,2138563,1505,0
6800105,2138563,1505,0
6801941,2138563,1505,0
6802806,2138563,1505,0
6799013,2138586,1725,0
6800114,2138586,1725,0
6801228,2138586,1725,0
6801922,2138586,1725,0
6800246,2138639,1120,0
6801086,2138639,1120,0
6801964,2138639,1120,0
6802849,2138639,1120,0
6801968,2138641,252,0
6800163,2138762,1617,0
6798965,2138768,438,0
6799036,2138785,2800,0
6800019,2138785,2800,0
6801222,2138785,2800,0
6802197,2138785,2800,0
6799001,2138955,3118,0
6800022,2138955,3118,0
6801249,2138955,3118,0
6802185,2138955,3118,0
6800048,2139008,401.7,0
6798947,2139109,402,0
6800998,2139109,402,0
6798941,2139158,800,0
6800103,2139158,800,0
6800999,2139158,800,0
6801970,2139158,800,0
6799045,2139186,422,0
6802846,2139208,402,0
6800247,2139209,1921,0
6801087,2139209,1921,0
6801966,2139209,1921,0
6802847,2139209,1921,0
6801965,2139210,882,0
6802848,2139210,882,0
6799009,2139257,1282,0
6800013,2139257,1282,0
6800118,2139257,1282,0
6800971,2139257,1282,0
6802062,2139257,1282,0
6802706,2139257,1282,0
6799978,2139259,640,0
6800966,2139259,640,0
6801936,2139259,640,0
6802707,2139259,640,0
6802902,2139262,6192,0
6799004,2139269,2400,0
6800023,2139269,2400,0
6801223,2139269,2400,0
6799970,2139330,1516,0
6799016,2139343,3320,0
6799980,2139343,3320,0
6800964,2139343,3320,0
6802012,2139343,3320,0
6802705,2139343,3320,0
6799029,2139344,936,0
6801921,2139344,936,0
6802819,2139344,936,0
6802099,2139355,634,0
6799047,2139359,3744,0
6800083,2139359,3744,0
6801974,2139359,3744,0
6802739,2139359,3744,0
6798975,2139362,1939,0
6800147,2139362,1939,0
6801011,2139362,1939,0
6798954,2139368,700,0
6800106,2139368,700,0
6801235,2139368,700,0
6801939,2139368,700,0
6802816,2139368,700,0
6799046,2139406,9516.8,0
6800244,2139406,9516.8,0
6801104,2139406,9516.8,0
6801980,2139406,9516.8,0
6799038,2139416,1207,0
6800020,2139416,1207,0
6801262,2139416,1207,0
6802183,2139416,1207,0
6798989,2139426,460,0
6800042,2139426,460,0
6800068,2139429,1816,0
6798990,2139439,1720.5,0
6800041,2139439,1720.5,0
6802907,2139478,560,0
6801286,2139478,560,0
6799015,2139483,1900,0
6799977,2139483,1900,0
6800965,2139483,1900,0
6801937,2139483,1900,0
6802708,2139483,1900,0
6801247,2139525,2248,0
6802029,2139525,2248,0
6798980,2139563,499,0
6800081,2139563,499,0
6801123,2139563,499,0
6802034,2139563,499,0
6802825,2139563,499,0
6798982,2139564,355,0
6800080,2139564,355,0
6801121,2139564,355,0
6802031,2139564,355,0
6802824,2139564,355,0
6798981,2139565,150,0
6800082,2139565,150,0
6801120,2139565,150,0
6802014,2139565,150,0
6802827,2139565,150,0
6799058,2139568,582.5,0
6799971,2139568,582.5,0
6800969,2139568,582.5,0
6802042,2139568,582.5,0
6802803,2139568,582.5,0
6798999,2139603,1100,0
6800242,2139603,1100,0
6798972,2139620,1562.5,0
6800069,2139620,1562.5,0
6800945,2139620,1562.5,0
6802888,2139620,1562.5,0
6799039,2139626,3437,0
6800025,2139626,3437,0
6801230,2139626,3437,0
6802187,2139626,3437,0
6798988,2139692,867,0
6800045,2139692,867,0
6799000,2139706,2392,0
6801266,2139706,2392,0
6802188,2139706,2392,0
6798974,2139727,356,0
6799014,2139728,110,0
6800117,2139728,110,0
6801245,2139728,110,0
6802023,2139728,110,0
6798950,2139770,2154,0
6800071,2139770,2154,0
6800951,2139770,2154,0
6802056,2139770,2154,0
6802850,2139770,2154,0
6798984,2140585,2324,0
6800077,2140585,2324,0
6801118,2140585,2324,0
6802035,2140585,2324,0
6802828,2140585,2324,0
6799005,2140694,209,0
6800093,2140694,209,0
6802083,2140694,209,0
6802917,2140694,209,0
6799031,2140737,1320,0
6801221,2140737,1320,0
6801924,2140737,1320,0
6802817,2140737,1320,0
6802818,2140737,1320,0
6798986,2140739,1600,0
6800043,2140739,1600,0
6799032,2140747,1077,0
6801155,2140747,1077,0
6801920,2140747,1077,0
6802823,2140747,1077,0
6802192,2140787,456,0
6799040,2140788,912,0
6800018,2140788,912,0
6801229,2140788,912,0
6802184,2140788,912,0
6798978,2140809,1640,0
6800109,2140809,1640,0
6801009,2140809,1640,0
6799033,2140825,2693,0
6800102,2140825,2693,0
6800973,2140825,2693,0
6801973,2140825,2693,0
6802883,2140825,2693,0
6799012,2140843,714,0
6800115,2140843,714,0
6801244,2140843,714,0
6802016,2140843,714,0
6799051,2140872,2200,0
6800112,2140872,2200,0
6801100,2140872,2200,0
6801971,2140872,2200,0
6802853,2140872,2200,0
6801409,2140895,2217,0
6802005,2140895,2217,0
6802903,2140895,2217,0
6801267,2140923,1617,0
6799048,2140940,1668,0
6800089,2140940,1668,0
6801099,2140940,1668,0
6801963,2140940,1668,0
6802900,2140940,1668,0
6798967,2140978,800,0
6800070,2140978,800,0
6801408,2141144,598.8,0
6802006,2141144,598.8,0
6802908,2141144,598.8,0
6798998,2141150,1254,0
6800243,2141150,1254,0
6801147,2141150,1254,0
6801960,2141150,1254,0
6802844,2141150,1254,0
6799028,2141167,600,0
6799035,2141175,1920,0
6800046,2141175,1920,0
6801250,2141175,1920,0
6802851,2141184,1317,0
6802186,2141207,1200,0
6800245,2141265,120,0
6801085,2141265,120,0
6801967,2141265,120,0
6802845,2141265,120,0
6800067,2141272,675,0
6800952,2141272,675,0
6802055,2141272,675,0
6802854,2141272,675,0
6799956,2141444,285.6,0
6798987,2141469,384,0
6800044,2141469,384,0
6800238,2141158,100,0
6800239,2141597,66,0
6799053,2141625,1920,0
6800073,2141625,1920,0
6801068,2141625,1920,0
6802037,2141625,1920,0
6802879,2141625,1920,0
6799336,2141778,1050,0
6801150,2141778,1050,0
6798976,2141785,640,0
6800107,2141785,640,0
6801003,2141785,640,0
6798979,2141825,320,0
6800108,2141825,320,0
6801008,2141825,320,0
6801241,2141898,800,0
6802038,2141898,800,0
6802808,2141898,800,0
6799008,2141959,216,0
6800060,2142007,640,0
6798996,2142056,280,0
6799974,2142056,280,0
6800961,2142056,280,0
6802030,2142056,280,0
6802710,2142056,280,0
6799347,2142085,480,0
6799973,2142085,480,0
6801098,2142085,480,0
6801978,2142085,480,0
6802842,2142085,480,0
6801285,2142198,360,0
6801982,2142198,360,0
6802912,2142198,360,0
6802852,2142200,480,0
6798952,2142240,120,0
6800949,2142240,120,0
6802054,2142240,120,0
6798985,2142265,972,0
6799068,2142375,480,0
6800233,2142375,480,0
6801006,2142375,480,0
6802026,2142375,480,0
6802899,2142375,480,0
6799044,2142680,480,0
6801088,2142680,480,0
6801979,2142680,480,0
6802802,2142680,480,0
6801110,2142981,314.5,0
6800062,2143008,240,0
6799341,2143071,3656,0
6799007,2143246,78,0
6800094,2143246,78,0
6799050,2143269,5250,0
6800078,2143269,5250,0
6801102,2143269,5250,0
6801961,2143269,5250,0
6802904,2143269,5250,0
6799604,2143365,600,0
6799006,2143922,6445.53,0
6799049,2144378,2170,0
6800079,2144378,2170,0
6801103,2144378,2170,0
6801962,2144378,2170,0
6802905,2144378,2170,0
6798997,2144530,168,0
6799972,2144530,168,0
6799055,2144656,2600,0
6800248,2144656,2600,0
6801231,2144656,2600,0
6802010,2144656,2600,0
6802815,2144656,2600,0
6801969,2145142,80,0
6799034,2145231,2000,0
6801226,2145231,2000,0
6802191,2145231,2000,0
6800240,2145499,1288,0
6801234,2145499,1288,0
6801981,2145499,1288,0
6802911,2145499,1288,0
6798977,2146131,1129,0
6800113,2146131,1129,0
6801015,2146131,1129,0
6800241,4186886,1553,0
6203703,4191985,43704,0
6801916,4227043,120,0
6801243,4235961,1800,0
6802752,4235961,1800,0
6800111,4236000,1176,0
6801938,4236000,1176,0
6800124,4303970,702,0
6800090,4427020,1208.1,0
6799379,4541437,1491,0
6801148,4541437,1491,0
6798949,4599593,600,0
6799380,4629766,212,0
6800014,4666668,1546,0
6798973,4705253,1566,0
6800110,4705253,1566,0
6801096,4705253,1566,0
6802039,4705253,1566,0
6802814,4705253,1566,0
6800016,5117067,3562.5,0
6802179,5117067,3562.5,0
6800017,5117100,3562.5,0
6802182,5117100,3562.5,0
6799056,5160344,223,0
6801108,5160344,223,0
6798969,5160999,902.44,0
6800116,5441181,475,0
6802015,5441181,475,0
6800087,5481492,319,0
6800086,5481522,143.5,0
6800056,5802608,320,0
6800059,5802654,48,8
6800058,5802723,240,0
6800057,5802776,80,0
6800054,5965209,312.7,0
6800047,5965254,131.2,0
6801107,6367453,136.3,0
6801977,6367453,136.3,0
6802887,6367453,136.3,0
6799041,6367585,800,0
6800101,6367585,800,0
6801109,6367585,800,0
6801976,6367585,800,0
6802886,6367585,800,0
6799042,6367619,350,0
6800095,6367619,350,0
6801105,6367619,350,0
6801975,6367619,350,0
6802885,6367619,350,0
6799043,6367779,492.3,0
6800100,6367779,492.3,0
6801106,6367779,492.3,0
6802884,6367779,492.3,0
6800064,6461982,1867,0
6800997,6461982,1867,0
6802944,6461982,1867,0
6802698,6505603,1543,0
6798842,6559089,400,0
6800061,6715202,224,0
6800099,6799328,239.7,0
6801236,6799328,239.7,0
6801919,6799328,239.7,0
6802812,6799328,239.7,0
6800097,6799329,1400,0
6801232,6799329,1400,0
6801942,6799329,1400,0
6801233,6799330,324,0
6802003,6799330,324,0
6802811,6799330,324,0
6800096,6799410,553.4,0
6801237,6799410,553.4,0
6802008,6799410,553.4,0
6801242,6799412,154.3,0
6802809,6799412,154.3,0
6800098,6799413,610,0
6801238,6799413,610,0
6799297,6799642,809.09,0
6802101,6799642,809.09,0
6802897,6799642,809.09,0
6802898,6799650,316.95,0
6799979,6799702,23.89,0
6802100,6799757,322.4,0
6801407,6800180,2311.5,0
6802004,6800180,2311.5,0
6802896,6800180,2311.5,0
6801406,6800183,1981.5,0
6802007,6800183,1981.5,0
6802895,6800183,1981.5,0
6802278,6800211,108,0
6801265,6800364,650,0
6802196,6800365,650,0
6802040,6800393,316,0
6800948,6800394,1135,0
6802041,6800394,1135,0
6802891,6800394,1135,0
6800947,6800396,800,0
6802060,6800396,800,0
6802855,6800396,800,0
6802194,6801519,1546,0
6802190,6801524,3062.5,0
6802193,6801526,720,0
6802057,6801665,312.7,0
6802701,6801665,312.7,0
6801972,6801677,266,0
6802709,6801828,100,0
6802058,6801863,230.1,0
6802702,6801889,69,0
4168899,2054842,450,0
4169073,2074433,90000,0
4511579,2075782,254.6,0
4411313,2075935,85.5,0
4484714,2077462,1539.7,0
4593430,2077462,1539.7,0
4593790,2077464,54794.9,0
4660068,2077464,54794.9,0
4146988,2078823,160,0
2087137,2079977,300,0
4168926,2080039,5465.62,0
4276407,2080084,49551,0
4234581,2081048,136,0
4485886,2081342,1220,0
4493456,2082103,774,0
4563492,2082103,774,0
4287362,2082443,400,0
4262800,2082771,786,0
4332020,2082771,786,0
4149287,2083846,2080,0
4149230,2084456,1430,0
4484739,2084689,112052.8,0
4593744,2084689,112052.8,0
2038200,2085507,2850,0
6800560,2120468,300,0
6800091,2134541,215,0
6800910,2138306,627.75,0
6798991,2138337,1083.3,0
6800955,2138337,1083.3,0
2095246,2138516,800,105
6801239,2138563,1505,0
6799473,2138639,1120,0
4491949,2138769,915,0
6798948,2139153,400,0
6801224,2139344,936,0
6800376,2139355,634,0
6801097,2139359,3744,0
2146131,2139363,1129,0
6798966,2139429,1816,0
4228109,2139645,2400,0
2032403,2140486,3333,0
6801225,2140694,209,0
6801264,2140787,456,0
6798968,2140848,316,0
6798970,2141170,673,0
6798971,2141971,400,0
6800559,2142274,360,0
6800076,2142680,480,0
6799433,2145499,1288,0
6800354,2234055,120,0
6800215,2274534,120,0
6800553,2274906,120,0
6166244,2275571,40,19.68
5484418,2275987,48,0
6799272,2275987,48,0
6568080,2276482,74,0
6568133,2276482,74,0
6568145,2276482,74,0
6552360,2276525,56,0
6798894,2276525,56,0
6799969,2276525,56,0
6799475,2276790,40,0
6799143,2277356,73.15,0
4311532,2277472,132,0
4716556,2281502,70,0
6087252,2281502,70,0
6504310,2281502,70,0
4716576,2282591,90,0
5605065,2282591,90,0
6798929,2282591,90,0
4249849,2283262,810.7,0
4249861,2283262,810.7,0
6799434,4186886,1553,0
6801007,4303970,702,0
4617711,4408164,114,0
4617140,4408438,60,0
6801227,4629766,212,0
4660048,4654533,7675.5,0
4660018,4655093,185,0
6800024,4666735,3100,0
6799457,4723251,262.15,0
4330035,4330035,1200,0
6800286,5160371,732,0
6799259,5481492,319,0
6799258,5481522,143.5,0
6799215,6461982,1867,0
6800958,6505603,1543,0
4227130,2032317,202.8,0
2087291,2043457,1376,0
4230904,2044816,240,0
4230913,2044816,240,0
4231102,2044816,240,0
2087322,2047216,24,0
4230904,2044816,240,0
4230913,2044816,240,0
4231102,2044816,240,0
2087322,2047216,24,0
2087433,2071606,724,0
4231117,2073891,800,0
2087609,2075614,3065.6,0
6800841,2076975,240,10.16
2087430,2077017,1229,0
4228726,2077207,334,0
2087471,2077409,785,0
2087472,2077409,785,0
2087280,2077430,641,0
4265740,2077641,48,0
2087285,2077791,307,0
4228739,2077797,180,0
2087410,2078019,141,0
4228714,2078454,210,0
2087409,2078531,460,0
2087417,2078723,400,0
2087607,2078723,400,0
2087358,2078724,32430,0
2087287,2078751,27,0
2087286,2078823,160,0
2087429,2078990,2696,0
2087418,2079050,880,0
2087316,2079091,249.55,0
2087314,2079098,113,0
2087552,2079306,72.42,13.26
4700966,2079323,330.6,0
2087394,2079503,136,0
2087151,2079954,237,0
4231464,2080033,37.7,0
4231312,2080034,320,114.6
2087342,2080039,5465.62,0
2087304,2080044,166,0
2087305,2080045,214,0
2087451,2080084,49551,0
2087470,2080084,49551,0
4234082,2080084,49551,0
4234530,2080084,49551,0
6677254,2080859,1448,0
6676918,2080943,1448,0
4242839,2081389,336,0
2087387,2081517,4116,0
6577335,2081649,640,0
2087448,2082784,560,0
4247342,2082970,407,0
2087294,2083057,62,0
2087447,2083239,185,0
4249897,2083662,39,0
2087401,2083689,1084,0
2087445,2083846,2080,0
2087446,2083847,600,0
2087389,2084019,80,0
4228754,2084019,80,0
2087442,2084453,600,0
2087443,2084455,96,0
2087444,2084456,1430,0
2087459,2084661,695.5,0
2087399,2085369,111.6,0
6802832,2086102,4,0
2086753,2086753,26128,5042
2087731,2087731,1200,0
6718285,2089001,66,0
4329809,2117301,403,0
2145638,2130586,620,0
2145637,2130715,1948,0
2145644,2131271,3340,0
2145630,2132318,18300,0
4231478,2132644,8.57,2.26
2087608,2132808,221,0
2087584,2132809,6420,0
2087585,2132809,6420,0
2087388,2132814,400,0
2087536,2133008,44.6,0
2144746,2133252,270,0
4240687,2133437,308.8,0
4317022,2134246,150,0
4287009,2135352,800,800
4234227,2135725,240,0
6669488,2135725,240,0
6802250,2135725,240,0
6618327,2138508,70,0
4732491,2138662,120.9,0
6800740,2140461,1090,0
2145658,2145657,15916,0
2223080,2218177,17,1
6628241,2224457,6400,0
6802378,2224457,6400,0
6802373,2224460,3022,0
6672373,2275655,220,0
6666945,2276482,74,0
6670550,2281090,72,0
6670541,2281781,58,0
2224189,2282386,336,0
6802263,2282427,46,0
6695437,2283198,210,0
2087439,2283374,230,0
2087438,2283376,160,0
6723244,2283477,300,0
2087440,2283840,138.56,0
6667093,2284304,3700,0
4150706,4150706,193.25,0
4150717,4150717,152.75,0
2087349,4174116,13200,0
2087604,4174116,13200,0
4180270,4180270,451.26,0
4180345,4180345,38.4,0
4180386,4180386,392.84,0
4180458,4180458,146.4,0
2087403,4190754,4088,0
2145625,4191985,43704,0
2145639,4191985,43704,0
4540727,4540727,54,0
4540774,4540774,54,0
4540067,4540067,55.9,0
6799770,6799770,145776,0
4539154,4539154,283.4,0
2087290,2087290,843.6,0
6800617,6800276,608.4,0
6800598,6800358,608.4,0
6801396,6800618,118,0
6802108,6801581,764.65,0
4488739,2277472,132,0
6571764,4554706,217,0
6571724,4554706,217,0
